DHID,De_m,A_m,Potassic1,CalcSilicate1,cpy_mo_pct,py_pct,filica,Arg,Potassic_sw,CalcSilicate_sw,Argillic_sw,Carb_sw,QtzVn_sw,Seri_sw
MURALLA-01,0,2,,,,,,,,,,,,
MURALLA-01,2,4,,,,,,,,,,,,
MURALLA-01,4,5.1,,,,,,,,,,,,
MURALLA-01,5.1,6,1,,,,2,,1,,,,,
MURALLA-01,6,8,2,,,,1,,1,,,,,
MURALLA-01,8,10,2,,,,1,,1,,,,,
MURALLA-01,10,12,1,,,,2,,1,,,,,
MURALLA-01,12,14,2,,,,2,1,1,,,,,
MURALLA-01,14,16,2,,,,1,1,1,,,,,
MURALLA-01,16,17.6,2,,,,2,1,1,,,,,
MURALLA-01,17.6,18,2,,,,0.1,,1,,,,,
MURALLA-01,18,20,2,,,,0.1,,1,,,,,
MURALLA-01,20,21,1,,,,,,1,,,,,
MURALLA-01,21,22,,,,,2,1,1,,,,,
MURALLA-01,22,23.77,0,,,,2,1,1,,,,,
MURALLA-01,23.77,26,1,,,,,,1,,,,,
MURALLA-01,26,27.9,1,,,,,,1,,,,1,
MURALLA-01,27.9,30,1,,,,,,1,,,,1,
MURALLA-01,30,32,0,,,,,,1,,,,1,
MURALLA-01,32,34,0.1,,,,,,1,,,,1,
MURALLA-01,34,36,0.1,,,,1,,1,,,,1,
MURALLA-01,36,38.1,0.1,,,,1,,1,,,,1,
MURALLA-01,38.1,40,1,,,,1,,1,,,,1,
MURALLA-01,40,42,1,,,,,,1,,,,,
MURALLA-01,42,44,1,,,,,,1,,,,,
MURALLA-01,44,46,,,,,,,1,,,,,
MURALLA-01,46,48,,,,,,,1,,,,,
MURALLA-01,48,50,,,,,,,1,,,,,
MURALLA-01,50,52,,,,,,,1,,,,,
MURALLA-01,52,54,,,,,,,1,,,,,
MURALLA-01,54,56,0.1,,,,,,1,,,,,
MURALLA-01,56,58,0.1,,,,,,1,,,,1,
MURALLA-01,58,60,0.1,,,,,,1,,,,1,
MURALLA-01,60,62,,,,,,,1,,,,1,
MURALLA-01,62,64,,,,,,,1,,,,1,
MURALLA-01,64,66,,,,,,,1,,,,1,
MURALLA-01,66,68,,,,,0.1,,1,,,,1,
MURALLA-01,68,70,,,,,0.1,,1,,,,1,
MURALLA-01,70,72,,,,,0.1,,1,,,,1,
MURALLA-01,72,74,,,,,0.1,,1,,,,1,
MURALLA-01,74,76,,,,,0.1,,1,,,,1,
MURALLA-01,76,78,,,,,0.1,,1,,,,1,
MURALLA-01,78,80,,,,,0.1,,1,,,,1,
MURALLA-01,80,82,,,,,0.1,1,1,,,,1,
MURALLA-01,82,84,,,,,0.1,1,1,,,,1,
MURALLA-01,84,86,,,,,0.1,1,1,,,,1,
MURALLA-01,86,88,,,,,0.1,,1,,,,1,
MURALLA-01,88,90,,,,,0.1,,1,,,,1,
MURALLA-01,90,92,,,,,,,1,,,,1,
MURALLA-01,92,94,,,,,,,1,,,,1,
MURALLA-01,94,96,,,,,,,1,,,,1,
MURALLA-01,96,98,,,,,,,1,,,,1,
MURALLA-01,98,100,,,,,,,1,,,,1,
MURALLA-01,100,102,,,,,,,1,,,,1,
MURALLA-01,102,104,,,,,1,,1,,,,1,
MURALLA-01,104,106,,,,,1,,1,,,,1,
MURALLA-01,106,108,,,,,1,,1,,,,1,
MURALLA-01,108,110,,,,,1,,1,,,,1,
MURALLA-01,110,112,,,,,1,,1,,,,1,
MURALLA-01,112,114,,,,,1,,1,,,,1,
MURALLA-01,114,116,,,,,1,,1,,,,1,
MURALLA-01,116,118,,,,,1,,1,,,,1,
MURALLA-01,118,120,,,,,1,,1,,,,1,
MURALLA-01,120,120.2,,,,,1,,1,,,,1,
MURALLA-01,120.2,122,,,,,2,,1,,,,1,
MURALLA-01,122,124,,,,,2,,1,,,,1,
MURALLA-01,124,126,,,,,2,,1,,,,1,
MURALLA-01,126,128,,,,,2,,1,,,,1,
MURALLA-01,128,130,,,,,2,,1,,,,1,
MURALLA-01,130,131.2,,,,,2,,1,,,,1,
MURALLA-01,131.2,132,0.1,,,,2,1,1,,,,1,1
MURALLA-01,132,134,1,,,,1,,1,,,,1,1
MURALLA-01,134,136,0.1,,,,2,0.1,1,,,,1,1
MURALLA-01,136,138,1,,,,1,0.1,1,,,,1,1
MURALLA-01,138,139.2,0.1,,,,1,0.1,1,,,,1,1
MURALLA-01,139.2,140,0.1,,,,,,1,,,,1,
MURALLA-01,140,142,0.1,,,,0.1,,1,,,,1,1
MURALLA-01,142,144,0.1,,,,0.1,,1,,,,1,
MURALLA-01,144,146,0.1,,,,0.1,,1,,,,1,
MURALLA-01,146,148,0.1,,,,,,1,,,,1,
MURALLA-01,148,150,0.1,,,,,,1,,,,1,
MURALLA-01,150,152,0.1,,,,,,1,,,,1,
MURALLA-01,152,154,0.1,,,,,,1,,,,1,
MURALLA-01,154,156,0.1,,,,,,1,,,,1,
MURALLA-01,156,158,0.1,,,,,,1,,,,1,
MURALLA-01,158,160,0.1,,,,,,1,,,,1,
MURALLA-01,160,162,0.1,,,,0.1,,1,,,,1,
MURALLA-01,162,164,0.1,,,,0.1,,1,,,,1,
MURALLA-01,164,166,0.1,,,,0.1,,1,,,,1,
MURALLA-01,166,168,1,,,,0.1,,1,,,,1,
MURALLA-01,168,170,1,,,,0.1,,1,,,,1,
MURALLA-01,170,172,1,,,,0.1,,1,,,,1,
MURALLA-01,172,174,0.1,,,,0.1,,1,,,,1,
MURALLA-01,174,176,1,,,,0.1,,1,,,,1,
MURALLA-01,176,178,2,,,,0.1,,1,,,,1,
MURALLA-01,178,180,2,,,,0.1,,1,,,,1,
MURALLA-01,180,182,2,,,,0.1,,1,,,,1,
MURALLA-01,182,184,1,,,,0.1,,1,,,,1,
MURALLA-01,184,186,1,,,,0.1,,1,,,,1,
MURALLA-01,186,188,1,,,,1,,1,,,,1,
MURALLA-01,188,190,1,,,,1,,1,,,,1,
MURALLA-01,190,192,1,,,,1,,1,,,,1,
MURALLA-01,192,194,1,,,,1,,1,,,,1,
MURALLA-01,194,196,1,,,,1,,1,,,,1,
MURALLA-01,196,196.75,1,,,,1,,1,,,,1,
MURALLA-01,196.75,198,,,,,2,2,1,,,,1,
MURALLA-01,198,200,,,,,2,2,1,,,,1,
MURALLA-01,200,202,,,,,2,2,1,,,,1,
MURALLA-01,202,203,,,,,2,2,1,,,,1,
MURALLA-01,203,204,,,,,,1,1,,,,1,
MURALLA-01,204,206,,,,,2,2,1,,,,1,
MURALLA-01,206,207.4,,,,,0.1,,1,,,,1,
MURALLA-01,207.4,208,,,,,1,,1,,,,1,
MURALLA-01,208,210,,,,,1,2,1,,,,1,
MURALLA-01,210,212,,,,,,,1,,,,1,
MURALLA-01,212,214,,,,,,,1,,,,1,
MURALLA-01,214,216,,,,,,,1,,,,1,
MURALLA-01,216,218,,,,,,,1,,,,1,
MURALLA-01,218,220,,,,,,,1,,,,1,
MURALLA-01,220,222,,,,,,,1,,,,1,
MURALLA-01,222,224,,,,,,,1,,,,1,
MURALLA-01,224,226,,,,,0.1,,1,,,,1,
MURALLA-01,226,228,,,,,0.1,,1,,,,1,
MURALLA-01,228,230,,,,,0.1,,1,,,,1,
MURALLA-01,230,231.5,,,,,0.1,,1,,,,1,
MURALLA-01,231.5,232,,,,,2,2,1,,,,1,
MURALLA-01,232,234,,,,,2,2,1,,2,,1,
MURALLA-01,234,236,,,,,2,2,1,,,,1,
MURALLA-01,236,238,,,,,2,2,1,,,,1,
MURALLA-01,238,240,,,,,2,2,1,,,,1,
MURALLA-01,240,242,,,,,2,2,1,,,,1,
MURALLA-01,242,244,,,,,2,2,1,,,,1,
MURALLA-01,244,246,,,,,2,1,1,,,,1,
MURALLA-01,246,248,,,,,1,1,1,,,,1,
MURALLA-01,248,250,,,,,1,1,1,,,,1,
MURALLA-01,250,252,,,,,2,2,1,,2,,1,
MURALLA-01,252,254,,,,,2,2,2,,2,,1,
MURALLA-01,254,256,,,,,2,2,2,,2,,1,
MURALLA-01,256,257.3,,,,,2,2,2,,2,,1,
MURALLA-01,257.3,258,,,,,,,2,,2,,1,
MURALLA-01,258,260,,,,,,,2,,2,,1,
MURALLA-01,260,262,,,,,,1,2,,,,1,
MURALLA-01,262,264,,,,,,,2,,,,1,
MURALLA-01,264,266,,,,,,,2,,,,1,
MURALLA-01,266,268,,,,,,,2,,,,1,
MURALLA-01,268,270,,,,,,,2,,,,1,
MURALLA-01,270,272,,,,,0.1,,2,,,,1,
MURALLA-01,272,272.9,,,,,0.1,0.1,2,,,,1,
MURALLA-01,272.9,274,,,,,2,1,2,,,,1,
MURALLA-01,274,276,,,,,2,1,2,,,,1,
MURALLA-01,276,278,,,,,1,,2,,,,1,
MURALLA-01,278,280,,,,,1,,2,,,,1,
MURALLA-01,280,282,,,,,1,,2,,,,1,
MURALLA-01,282,284,,,,,1,,2,,,,1,
MURALLA-01,284,286,,,,,2,1,2,,,,1,
MURALLA-01,286,288,,,,,1,,2,,,,1,
MURALLA-01,288,289.3,,,,,1,,2,,,,1,
MURALLA-01,289.3,290,,,,,2,1,2,,,,1,
MURALLA-01,290,292,,,,,1,,2,,,,1,
MURALLA-01,292,294,,,,,1,,2,,2,,1,
MURALLA-01,294,296,,,,,1,2,2,,2,,1,
MURALLA-01,296,298,,,,,1,2,2,,2,,1,
MURALLA-01,298,300,,,,,1,2,2,,,,1,
MURALLA-01,300,302,,,,,1,,2,,,,1,
MURALLA-01,302,303.2,,,,,1,,2,,,,1,
MURALLA-01,303.2,304,,,,,2,1,2,,,,1,
MURALLA-01,304,306,,,,,2,1,2,,,,1,
MURALLA-01,306,307.3,,,,,2,1,2,,,,1,
MURALLA-01,307.3,308,,,,,1,,2,,,,1,
MURALLA-01,308,310,,,,,1,,2,,,,1,
MURALLA-01,310,312,,,,,1,,2,,,,1,
MURALLA-01,312,314,,,,,1,,2,,,,1,
MURALLA-01,314,316,0.1,,,,1,,2,,,,1,
MURALLA-01,316,318,0.1,,,,1,,2,,,,1,
MURALLA-01,318,320,0.1,,,,1,,2,,,,1,
MURALLA-01,320,322,0.1,,,,1,,2,,,,1,
MURALLA-01,322,324,,,,,2,,2,,,,1,
MURALLA-01,324,326,,,,,2,,2,,,,1,
MURALLA-01,326,328,,,,,2,,2,,,,1,
MURALLA-01,328,330,,,,,1,,2,,,,1,
MURALLA-01,330,332,,,,,1,,2,,,,1,
MURALLA-01,332,334,,,,,1,,2,,,,1,
MURALLA-01,334,336,,,,,1,,2,,,,1,
MURALLA-01,336,338,,,,,1,,2,,,,1,
MURALLA-01,338,340,,,,,1,,2,,,,1,
MURALLA-01,340,342,,,,,1,,2,,,,1,
MURALLA-01,342,344,,,,,1,,2,,,,1,
MURALLA-01,344,346,,,,,1,,2,,,,1,
MURALLA-01,346,348,0.1,,,,1,,2,,,,1,
MURALLA-01,348,350,,,,,1,,2,,,,1,
MURALLA-01,350,352,0.1,,,,1,,2,,,,1,
MURALLA-01,352,354,0.1,,,,1,,2,,,,1,
MURALLA-01,354,356,1,,,,1,,2,,,,1,
MURALLA-01,356,358,0.1,,,,1,,2,,,,1,
MURALLA-01,358,360,0.1,,,,1,,2,,,,1,
MURALLA-01,360,362,0.1,,,,1,,2,,,,1,
MURALLA-01,362,364,1,,,,1,,2,,,,1,
MURALLA-01,364,366,1,,,,1,,2,,,,1,
MURALLA-01,366,368,1,,,,1,,2,,,,1,
MURALLA-01,368,370,2,,,,1,,2,,,,1,
MURALLA-01,370,371.5,2,,,,1,,2,,,,1,
MURALLA-01,371.5,372,0.1,,,,2,1,2,,,,1,
MURALLA-01,372,374,,,,,2,1,2,,,,1,
MURALLA-01,374,376,0.1,,,,2,1,2,,,,1,
MURALLA-01,376,378,0.1,,,,1,,2,,,,1,
MURALLA-01,378,380,1,,,,1,,2,,,,1,
MURALLA-01,380,382,0.1,,,,1,,2,,,,1,
MURALLA-01,382,384,1,,,,2,1,2,,,,1,
MURALLA-01,384,386,0.1,,,,2,1,2,,,,1,
MURALLA-01,386,388,,,,,1,2,2,,,,1,
MURALLA-01,388,390,,,,,2,2,2,,,,1,
MURALLA-01,390,391.4,,,,,1,2,2,,,,1,
MURALLA-01,391.4,392,,,,,1,,2,,,,1,
MURALLA-01,392,394,,,,,1,,2,,,,1,
MURALLA-01,394,396,,,,,1,,2,,,,1,
MURALLA-01,396,398,,,,,1,,2,,,,1,
MURALLA-01,398,400,,,,,1,,2,,,,1,
MURALLA-01,400,402,,,,,1,,2,,,,1,
MURALLA-01,402,404,,,,,2,1,2,,,,1,
MURALLA-01,404,405.2,,,,,2,1,2,,,,1,
MURALLA-01,405.2,406,,,,,2,2,2,,,,1,
MURALLA-01,406,408,,,,,2,2,2,,,,1,
MURALLA-01,408,410,,,,,2,2,2,,,,1,
MURALLA-01,410,412,,,,,2,2,2,,,,1,
MURALLA-01,412,414,,,,,2,2,2,,,,1,
MURALLA-01,414,416,,,,,2,2,2,,,,1,
MURALLA-01,416,416.66,,,,,2,2,2,,,,1,
MURALLA-01,416.66,418,0.1,,,,1,,2,,,,1,
MURALLA-01,418,420,0.1,,,,1,,2,,,,1,
MURALLA-01,420,422,,,,,1,,2,,,,1,
MURALLA-01,422,424,,,,,1,,2,,,,1,
MURALLA-01,424,426,,,,,1,,2,,,,1,
MURALLA-01,426,428,,,,,1,,2,,,,1,
MURALLA-01,428,430,,,,,1,,2,,,,1,
MURALLA-01,430,432,,,,,1,,2,,,,1,
MURALLA-01,432,434,,,,,1,,2,,,,1,
MURALLA-01,434,436,,,,,1,,2,,,,1,
MURALLA-01,436,438,,,,,1,,2,,,,1,
MURALLA-01,438,440,,,,,1,,2,,,,1,
MURALLA-01,440,442,,,,,1,,2,,,,1,
MURALLA-01,442,444,,,,,1,,2,,,,1,
MURALLA-01,444,446,,,,,1,,2,,,,1,
MURALLA-01,446,448,,,,,1,,2,,,,1,
MURALLA-01,448,450,,,,,1,,2,,,,1,
MURALLA-01,450,452,,,,,1,,2,,,,1,
MURALLA-01,452,454,,,,,1,,2,,,,1,
MURALLA-01,454,456,,,,,2,,2,,,,1,
MURALLA-01,456,457.81,,,,,1,,2,,,,1,
MURALLA-02,0,2,,,,,,1,,3,,,,
MURALLA-02,2,4,,,,,,1,,3,,,,
MURALLA-02,4,6,,,,,,2,,3,,,,
MURALLA-02,6,8,,,,,,1,,3,,,,
MURALLA-02,8,10,,,,,,,,3,,,,
MURALLA-02,10,12,,,,,,2,,3,,,,
MURALLA-02,12,14,,,,,,1,,3,,,,
MURALLA-02,14,16,,,,,,,,3,,,,
MURALLA-02,16,18,,,,,,,,3,,,,
MURALLA-02,18,20,,,,,,,,3,,,,
MURALLA-02,20,21.2,,,,,,,,3,,,,
MURALLA-02,21.2,22,,,,,,2,,3,3,3,3,
MURALLA-02,22,24,,,,,,2,,,3,3,3,
MURALLA-02,24,26,,,,,,2,,,,,3,
MURALLA-02,26,26.25,,,,,,2,,,,,3,
MURALLA-02,26.25,28,,,,,,,,,,,3,
MURALLA-02,28,29.1,,,,,,,,,,,3,
MURALLA-02,29.1,29.9,,,,,,2,,,,,3,
MURALLA-02,29.9,30,,,,,,,,,,,3,
MURALLA-02,30,32,,,,,,,,,,,3,
MURALLA-02,32,34.4,,,,,,1,,,,,3,
MURALLA-02,34.4,36,,,,,,,,,,,3,
MURALLA-02,36,38,,,,,,,,1,,,2,
MURALLA-02,38,40,,,,,,,,3,,,2,
MURALLA-02,40,42,,,,,,1,,3,,,2,
MURALLA-02,42,44,,,,,,2,,3,,,2,
MURALLA-02,44,46,,,,,,2,,3,,,2,
MURALLA-02,46,48,,,,,,1,,3,,,2,
MURALLA-02,48,50,,,,,,2,,3,,,2,
MURALLA-02,50,52,,,,,,1,,3,,,2,
MURALLA-02,52,54,,,,,,1,,3,,,2,
MURALLA-02,54,56,,,,,,,,3,,,2,
MURALLA-02,56,58,,,,,,,,3,,,2,
MURALLA-02,58,60,,,,,,1,,3,,,2,
MURALLA-02,60,62,,,,,,,,3,,,2,
MURALLA-02,62,64,,,,,,2,,2,,,2,
MURALLA-02,64,66,,,,,,,,2,,,2,
MURALLA-02,66,68,,,,,,1,,1,1,,2,
MURALLA-02,68,70,,,,,,1,,,1,,2,
MURALLA-02,70,70.6,,,,,0.1,1,,,1,,2,
MURALLA-02,70.6,72,0.1,,,,,1,,,1,,2,
MURALLA-02,72,74,,,,,0.1,1,,,1,,2,
MURALLA-02,74,74.75,,,,,0.1,1,,,1,,2,
MURALLA-02,74.75,76,0.1,,,,,,,,,,2,
MURALLA-02,76,78,0.1,,,,,1,,,,,2,
MURALLA-02,78,80,0.1,,,,,1,,,,,2,
MURALLA-02,80,82,0.1,,,,,1,,,,,2,
MURALLA-02,82,84.6,0.1,,,,,1,,,,,2,
MURALLA-02,84.6,86,,,,,,1,,,,,2,
MURALLA-02,86,88,,,,,,,,,,,,
MURALLA-02,88,89.7,,,,,,,,,,,,
MURALLA-02,89.7,90,,,,,,1,,,,,,
MURALLA-02,90,92,,,,,,1,,,,,,
MURALLA-02,92,94,,,,,,1,,3,,,2,
MURALLA-02,94,96,,,,,,1,,3,,,2,
MURALLA-02,96,98,,,,,,1,,3,,,2,
MURALLA-02,98,100,,,,,,1,,3,,,2,
MURALLA-02,100,102,,,,,,1,,3,,,2,
MURALLA-02,102,104,,,,,,1,,3,,,2,
MURALLA-02,104,106,,,,,,2,,3,,,2,
MURALLA-02,106,108,,,,,,2,,3,,,2,
MURALLA-02,108,110,,,,,,1,,3,,,2,
MURALLA-02,110,112,,,,,,1,,3,,,2,
MURALLA-02,112,114,,,,,,1,,3,,,2,
MURALLA-02,114,116,,,,,,1,,3,,,2,
MURALLA-02,116,118,,,,,,1,,3,,,2,
MURALLA-02,118,120,,,,,,2,,3,,,2,
MURALLA-02,120,121.2,,,,,,2,,3,,,2,
MURALLA-02,121.2,124,,,,,,1,,3,,,2,
MURALLA-02,124,126,,,,,,1,,3,,,2,
MURALLA-02,126,128,,,,,,1,,3,,,2,
MURALLA-02,128,130,,,,,,1,,3,,,2,
MURALLA-02,130,132,,,,,,1,,3,,,2,
MURALLA-02,132,134,,,,,,1,,3,,,2,
MURALLA-02,134,136,,,,,,1,,3,,,2,
MURALLA-02,136,138,,,,,,1,,3,,,2,
MURALLA-02,138,140,,,,,,1,,3,,,2,
MURALLA-02,140,142,,,,,,1,,3,,,2,
MURALLA-02,142,144,,,,,,1,,3,,,2,
MURALLA-02,144,146,,,,,,1,,3,,,2,
MURALLA-02,146,148,,,,,,1,,3,,,2,
MURALLA-02,148,150,,,,,,1,,3,,,2,
MURALLA-02,150,152,,,,,,1,,3,,,2,
MURALLA-02,152,154,,,,,,1,,3,,,2,
MURALLA-02,154,156,,,,,,1,,3,,,2,
MURALLA-02,156,158,,,,,,1,,3,,,2,
MURALLA-02,158,160,,,,,,2,,3,,,2,
MURALLA-02,160,162,,,,,,2,,3,,,2,
MURALLA-02,162,164,,,,,,2,,3,,,2,
MURALLA-02,164,166,,,,,,2,,3,,,2,
MURALLA-02,166,168,,,,,,1,,3,,,2,
MURALLA-02,168,170,,,,,,2,,3,,,2,
MURALLA-02,170,172,,,,,,2,,3,,,2,
MURALLA-02,172,174,,,,,,1,,3,,,2,
MURALLA-02,174,176,,,,,,1,,3,,,2,
MURALLA-02,176,178,,,,,,1,,3,,,2,
MURALLA-02,178,180,,,,,,2,,3,,,2,
MURALLA-02,180,182,,,,,,2,,3,,,2,
MURALLA-02,182,184,,,,,,2,,3,,,1,
MURALLA-02,184,186,,,,,,1,,3,,,1,
MURALLA-02,186,188,,,,,,1,,3,,,1,
MURALLA-02,188,190,,,,,,1,,3,,,1,
MURALLA-02,190,192,,,,,,0.1,,3,,,1,
MURALLA-02,192,194,,,,,,0.1,,3,,,1,
MURALLA-02,194,196,,,,,,0.1,,3,,,1,
MURALLA-02,196,198,,,,,,0.1,,3,,,1,
MURALLA-02,198,200,,,,,,1,,3,,,1,
MURALLA-02,200,202,,,,,,,,3,,,1,
MURALLA-02,202,204,,,,,,,,3,,,1,
MURALLA-02,204,206,,,,,,,,3,,,1,
MURALLA-02,206,208,,,,,,,,3,,,1,
MURALLA-02,208,210,,,,,,,,3,,,1,
MURALLA-02,210,212,,,,,,0.1,,3,,,1,
MURALLA-02,212,214,,,,,,0.1,,3,,,1,
MURALLA-02,214,216,,,,,,0.1,,3,,,1,
MURALLA-02,216,218,,,,,,0.1,,3,,,1,
MURALLA-02,218,220,,,,,,0.1,,3,,,1,
MURALLA-02,220,222,,,,,,0.1,,3,,,1,
MURALLA-02,222,224,,,,,,0.1,,3,,,1,
MURALLA-02,224,226,,,,,,0.1,,3,,,1,
MURALLA-02,226,228,,,,,,0.1,,3,,,1,
MURALLA-02,228,230,,,,,,0.1,,3,,,1,
MURALLA-02,230,232,,,,,,0.1,,3,,,1,
MURALLA-02,232,234,,,,,,0.1,,3,,,1,
MURALLA-02,234,236,,,,,,0.1,,3,,,1,
MURALLA-02,236,238,,,,,,0.1,,3,,,1,
MURALLA-02,238,240,,,,,,0.1,,3,,,1,
MURALLA-02,240,242,,,,,,0.1,,3,,,1,
MURALLA-02,242,244,,,,,,0.1,,3,,,1,
MURALLA-02,244,246,,,,,,0.1,,3,,,1,
MURALLA-02,246,248,,,,,,0.1,,3,,,1,
MURALLA-02,248,250,,,,,,0.1,,3,,,1,
MURALLA-02,250,252,,,,,,0.1,,3,,,1,
MURALLA-02,252,254,,,,,,0.1,,3,,,1,
MURALLA-02,254,256,,,,,,0.1,,3,,,1,
MURALLA-02,256,258,,,,,,0.1,,3,,,1,
MURALLA-02,258,260,,,,,,0.1,,3,,,1,
MURALLA-02,260,262,,,,,,0.1,,3,,,1,
MURALLA-02,262,264,,,,,,0.1,,3,,,1,
MURALLA-02,264,266,,,,,,0.1,,3,,,1,
MURALLA-02,266,268,,,,,,0.1,,3,,,1,
MURALLA-02,268,270,,,,,,0.1,,3,,,1,
MURALLA-02,270,272,,,,,,0.1,,3,,,1,
MURALLA-02,272,274,,,,,,0.1,,3,,,1,
MURALLA-02,274,276,,,,,,0.1,,3,,,1,
MURALLA-02,276,278,,,,,,0.1,,3,,,1,
MURALLA-02,278,280,,,,,,0.1,,3,,,1,
MURALLA-02,280,282,,,,,,0.1,,3,,,1,
MURALLA-02,282,284,,,,,,1,,3,,,1,
MURALLA-02,284,286,,,,,,1,,3,,,1,
MURALLA-02,286,288,,,,,,1,,3,,,1,
MURALLA-02,288,290,,,,,,1,,3,,,1,
MURALLA-02,290,292,,,,,,1,,3,,,1,
MURALLA-02,292,294,,,,,,1,,3,,,1,
MURALLA-02,294,296,,,,,,1,,3,,,1,
MURALLA-02,296,298,,,,,,1,,3,,,1,
MURALLA-02,298,300,,,,,,1,,3,,,1,
MURALLA-02,300,302,,,,,,1,,3,,,1,
MURALLA-02,302,304,,,,,,1,,3,,,1,
MURALLA-02,304,306,,,,,,1,,3,,,1,
MURALLA-02,306,308,,,,,,1,,3,,,1,
MURALLA-02,308,310,,,,,,1,,3,,,1,
MURALLA-02,310,312,,,,,,1,,3,,,1,
MURALLA-02,312,314,,,,,,1,,3,,,1,
MURALLA-02,314,316,,,,,,1,,3,,,1,
MURALLA-02,316,318,,,,,,1,,3,,,1,
MURALLA-02,318,320,,,,,,1,,3,,,1,
MURALLA-02,320,322,,,,,,1,,3,,,1,
MURALLA-02,322,324,,,,,,1,,3,,,1,
MURALLA-02,324,326,,,,,,1,,3,,,1,
MURALLA-02,326,328,,,,,,1,,3,,,1,
MURALLA-02,328,330,,,,,,2,,3,,,1,
MURALLA-02,330,332,,,,,,2,1,3,,,1,
MURALLA-02,332,334,,,,,,2,1,1,,,,
MURALLA-02,334,336,,,,,1,,1,,,,,
MURALLA-02,336,338,,,,,1,,1,,,,,
MURALLA-02,338,340,,,,,1,,1,,,,,
MURALLA-02,340,342,,,,,1,,1,,,,,
MURALLA-02,342,344,,,,,0.1,,1,1,,,1,
MURALLA-02,344,346,,,,,0.1,,1,3,,,1,
MURALLA-02,346,348,,,,,0.1,,1,3,,,1,
MURALLA-02,348,350,,,,,0.1,,1,3,,,1,
MURALLA-02,350,352,,,,,0.1,,1,3,,,1,
MURALLA-02,352,354,,,,,0.1,,1,3,,,1,
MURALLA-02,354,356,,,,,0.1,,1,3,,,1,
MURALLA-02,356,358,,,,,0.1,,1,3,,,1,
MURALLA-02,358,360,,,,,0.1,,1,3,,,1,
MURALLA-02,360,364.3,,,,,0.1,,1,3,,,1,
MURALLA-03,0,2,,,,,0.1,0.1,,3,,,,
MURALLA-03,2,4,,,,,0.1,0.1,,3,,,,
MURALLA-03,4,6,,,,,0.1,0.1,,3,,,,
MURALLA-03,6,8,,,,,0.1,0.1,,3,,,,
MURALLA-03,8,10,,,,,0.1,3.1,,3,,,,
MURALLA-03,10,12,,,,,0.1,3.1,,3,,,,
MURALLA-03,12,14,,,,,0.1,1.1,,3,,,,
MURALLA-03,14,16,,,,,,,,3,,,,
MURALLA-03,16,18,,,,,,,,3,,,,
MURALLA-03,18,20,,1,,,,,,3,,,,
MURALLA-03,20,22,,1,,,,,,3,,,,
MURALLA-03,22,24,,,,,,,,3,,,,
MURALLA-03,24,26,,,,,,,,3,,,,
MURALLA-03,26,28,,,,,,,,3,,,,
MURALLA-03,28,30,,,,,,,,3,,,,
MURALLA-03,30,32,,,,,,,,3,,,,
MURALLA-03,32,34,,,,,,,,3,,,,
MURALLA-03,34,36,,,,,,,,3,,,,
MURALLA-03,36,38,,,,,0.1,,,3,,,,
MURALLA-03,38,40,,,,,0.1,,,3,,,,
MURALLA-03,40,42,,1,,,,,,3,,,,
MURALLA-03,42,44,,1,,,,,,3,,,,
MURALLA-03,44,46,,1,,,,,,3,,,,
MURALLA-03,46,48,,,,,,,,3,,,,
MURALLA-03,48,50,,,,,,,,3,,,,
MURALLA-03,50,52,,1,,,,,,3,,,,
MURALLA-03,52,54,,1,,,1,,,3,,,,
MURALLA-03,54,56,,1,,,1,,,3,,,,
MURALLA-03,56,58,,,,,1,,,3,,,,
MURALLA-03,58,60,,,,,1,,,3,,,,
MURALLA-03,60,62,,1,,,,,,3,,,,
MURALLA-03,62,64,,1,,,,,,3,,,,
MURALLA-03,64,66,,1,,,,,,3,,,,
MURALLA-03,66,68,,1,,,1,,,3,,,,
MURALLA-03,68,70,,1,,,1,,,3,,,,
MURALLA-03,70,72,,1,,,1,,,3,,,,
MURALLA-03,72,74,,1,,,1,,,3,,,,
MURALLA-03,74,76,,2,,,1,,,3,,,,
MURALLA-03,76,78,,2,,,1,,,3,,,,
MURALLA-03,78,80,,2,,,1,,,3,,,,
MURALLA-03,80,82,,2,,,,,,3,,,,
MURALLA-03,82,84,,2,,,,,,3,,,,
MURALLA-03,84,86,,2,,,,,,3,,,,
MURALLA-03,86,88,,2,,,0.1,,,3,,,,
MURALLA-03,88,90,,1,,,0.1,,,3,,,,
MURALLA-03,90,92,,1,,,0.1,,,3,,,,
MURALLA-03,92,94,,1,,,,,,3,,,,
MURALLA-03,94,96,,1,,,,,,3,,,,
MURALLA-03,96,98,,1,,,,,,3,,,,
MURALLA-03,98,100,,1,,,,,,3,,,,
MURALLA-03,100,102,,1,,,,,,3,,,,
MURALLA-03,102,104,,,,,0.1,,,3,,,,
MURALLA-03,104,106,,,,,0.1,,,3,,,,
MURALLA-03,106,108,,1,,,,,,3,,,,
MURALLA-03,108,110,,1,,,1,,,3,,,,
MURALLA-03,110,112,,2,,,,,,3,,,,
MURALLA-03,112,114,,1,,,,,,3,,,,
MURALLA-03,114,116,,1,,,,,,3,,,,
MURALLA-03,116,118,,1,,,,,,3,,,,
MURALLA-03,118,120,,1,,,,,,3,,,,
MURALLA-03,120,122,,1,,,,,,3,,,,
MURALLA-03,122,124,,1,,,,,,3,,,,
MURALLA-03,124,126,,1,,,,,,3,,,,
MURALLA-03,126,128,,,,,,,,3,,,,
MURALLA-03,128,130,,1,,,,,,3,,,,
MURALLA-03,130,132,,2,,,,,,3,,,,
MURALLA-03,132,134,,2,,,,,,3,,,,
MURALLA-03,134,136,,1,,,,,,3,,,,
MURALLA-03,136,138,,1,,,,,,3,,,,
MURALLA-03,138,140,,1,,,1,,,3,,,,
MURALLA-03,140,142,,,,,,,,3,,,,
MURALLA-03,142,144,,,,,,,,3,,,,
MURALLA-03,144,146,,,,,0.1,,,3,,,,
MURALLA-03,146,148,,,,,1,,,3,,,,
MURALLA-03,148,150,,,,,1,,,3,,,,
MURALLA-03,150,152,,,,,1,,,3,,,,
MURALLA-03,152,154,,,,,1,1,,3,,,,
MURALLA-03,154,156,,,,,1,1,,3,,,,
MURALLA-03,156,158,,,,,1,1,,3,,,,
MURALLA-03,158,160,,,,,,,,3,,,,
MURALLA-03,160,162,,,,,,0.1,,3,,,,
MURALLA-03,162,164,,,,,1,1,,3,,,,
MURALLA-03,164,166,,,,,1,1,,3,,,,
MURALLA-03,166,168,,0.1,,,1,1,,3,,,,
MURALLA-03,168,170,,0.1,,,1,1,,3,,,,
MURALLA-03,170,172,,,,,,,,3,,,,
MURALLA-03,172,174,,1,,,1,1,,3,,,,
MURALLA-03,174,176,,1,,,1,0.1,,3,,,,
MURALLA-03,176,178,,2,,,1,0.1,,3,,,,
MURALLA-03,178,180,,2,,,1,0.1,,3,,,,
MURALLA-03,180,182,,1,,,1,,,3,,,,
MURALLA-03,182,184,,1,,,1,,,3,,,,
MURALLA-03,184,186,,1,,,1,,,3,,,,
MURALLA-03,186,188,,1,,,1,,1,1,,,,
MURALLA-03,188,190,,,,,1,,1,1,,,,
MURALLA-03,190,192,,,,,,,1,,,,,
MURALLA-03,192,194,,,,,1,,1,,,,,
MURALLA-03,194,196,,,,,,,1,,,,,
MURALLA-03,196,198,,,,,,,1,,,,,
MURALLA-03,198,200,,,,,,,1,2,,,,
MURALLA-03,200,202,,,,,0.1,,,2,,,,
MURALLA-03,202,204,,,,,0.1,,,2,,,,
MURALLA-03,204,206,,,,,0.1,,,2,,,,
MURALLA-03,206,208,,,,,,,,2,,,,
MURALLA-03,208,210,,1,,,1,,,2,,,,
MURALLA-03,210,212,,1,,,1,,,2,,,,
MURALLA-03,212,214,,,,,,,,2,,,,
MURALLA-03,214,216,,,,,1,,1,1,,,,
MURALLA-03,216,218,,,,,,,1,,,,,
MURALLA-03,218,220,,,,,,,1,,,,,
MURALLA-03,220,222,,,,,,,,2,,,,
MURALLA-03,222,224,,,,,,,,2,,,,
MURALLA-03,224,226,,,,,,,,2,,,,
MURALLA-03,226,228,,,,,,,,2,,,,
MURALLA-03,228,230,,,,,,,,2,,,,
MURALLA-03,230,232,,,,,,,,2,,,,
MURALLA-03,232,234,,,,,,,,2,,,,
MURALLA-03,234,236,,1,,,,,,2,,,,
MURALLA-03,236,238,,1,,,,,,2,,,,
MURALLA-03,238,240,,1,,,,,,2,,,,
MURALLA-03,240,242,,1,,,,,,2,,,,
MURALLA-03,242,244,,,,,,,1,,,,,
MURALLA-03,244,246,,,,,,,1,,,,,
MURALLA-03,246,248,,,,,,,1,,,,,
MURALLA-03,248,250,,,,,,,1,,,,,
MURALLA-03,250,252,,,,,,,1,,,,,
MURALLA-03,252,254,,,,,,,1,,,,,
MURALLA-03,254,256,,,,,,,1,,,,,
MURALLA-03,256,258,,1,,,0.1,,1,2,,,,
MURALLA-03,258,260,,,,,,,,2,,,,
MURALLA-03,260,262,,2,,,,,,2,,,,
MURALLA-03,262,264,,1,,,,,,2,,,,
MURALLA-03,264,266,,,,,,,,2,,,,
MURALLA-03,266,268,,,,,,,,2,,,,
MURALLA-03,268,270,,2,,,,,,2,,,,
MURALLA-03,270,272,,2,,,,,,2,,,,
MURALLA-03,272,274,,1,,,,,,2,,,,
MURALLA-03,274,276,,0.1,,,,,,2,,,,
MURALLA-03,276,278,,1,,,,,,2,,,,
MURALLA-03,278,280,,2,,,,,,2,,,,
MURALLA-03,280,282,,2,,,,,,2,,,,
MURALLA-03,282,284,,2,,,,,,2,,,,
MURALLA-03,284,286,,2,,,,,,2,,,,
MURALLA-03,286,288,,1,,,,,,2,,,,
MURALLA-03,288,290,,,,,,,,2,,,,
MURALLA-03,290,292,,,,,,,,2,,,,
MURALLA-03,292,294,,2,,,,,,2,,,,
MURALLA-03,294,296,,2,,,,,,2,,,,
MURALLA-03,296,298,,,,,,,,2,,,,
MURALLA-03,298,300,,1,,,,,,2,,,,
MURALLA-03,300,302,,1,,,,,,2,,,,
MURALLA-03,302,304,,2,,,,,,2,,,,
MURALLA-03,304,306,,2,,,,,,2,,,,
MURALLA-03,306,308,,2,,,,,,2,,,,
MURALLA-03,308,310,,2,,,,,,2,,,,
MURALLA-03,310,312,,2,,,,,,2,,,,
MURALLA-03,312,314,,2,,,,,,2,,,,
MURALLA-03,314,316,,2,,,,,,2,,,,
MURALLA-03,316,318,,2,,,,,,2,,,,
MURALLA-03,318,320,,2,,,,,,2,,,,
MURALLA-03,320,322,,2,,,,,,2,,,,
MURALLA-03,322,324,,2,,,,,,2,,,,
MURALLA-03,324,326,,2,,,,,,2,,,,
MURALLA-03,326,328,,2,,,,,,2,,,,
MURALLA-03,328,330,,2,,,,,,2,,,,
MURALLA-03,330,332,,2,,,,,,2,,,,
MURALLA-03,332,334,,2,,,,,,2,,,,
MURALLA-03,334,336,,2,,,,,,2,,,,
MURALLA-03,336,338,,2,,,,,,2,,,,
MURALLA-03,338,340,,2,,,,,,2,,,,
MURALLA-03,340,342,,2,,,,,,2,,,,
MURALLA-03,342,344,,2,,,,,,2,,,,
MURALLA-03,344,346,,2,,,,,,2,,,,
MURALLA-03,346,348,,2,,,,,,2,,,,
MURALLA-03,348,350,,2,,,,,,2,,,,
MURALLA-03,350,352,,2,,,,,,2,,,,
MURALLA-03,352,354,,2,,,,,,2,,,,
MURALLA-03,354,356,,2,,,,,,2,,,,
MURALLA-03,356,358,,2,,,,,,2,,,,
MURALLA-03,358,360,,2,,,,,,2,,,,
MURALLA-03,360,362,,2,,,,,,2,,,,
MURALLA-03,362,364,,2,,,,,,2,,,,
MURALLA-03,364,366,,2,,,,,,2,,,,
MURALLA-03,366,368,,2,,,,,,2,,,,
MURALLA-03,368,370,,2,,,,,,2,,,,
MURALLA-03,370,372,,2,,,,,,2,,,,
MURALLA-03,372,374,,2,,,,,,2,,,,
MURALLA-03,374,376,,2,,,,,,2,,,,
MURALLA-03,376,378,,2,,,,,,2,,,,
MURALLA-03,378,380,,2,,,,,,2,,,,
MURALLA-03,380,382,,2,,,,,,2,,,,
MURALLA-03,382,384,,2,,,,,,2,,,,
MURALLA-03,384,386,,2,,,,,,2,,,,
MURALLA-03,386,388,,2,,,,,,2,,,,
MURALLA-03,388,390,,2,,,,,,2,,,,
MURALLA-03,390,392,,2,,,,,,1,,,,
MURALLA-03,392,394,,2,,,,,,2,,,,
MURALLA-03,394,396,,1,,,,,,2,,,,
MURALLA-03,396,398,,1,,,,,,2,,,,
MURALLA-03,398,400,,1,,,,,,2,,,,
MURALLA-03,400,402,,1,,,,,,2,,,,
MURALLA-03,402,404,,1,,,,,,2,,,,
MURALLA-03,404,406,,1,,,,,,2,,,,
MURALLA-03,406,408,,1,,,,,,2,,,,
MURALLA-03,408,410,,2,,,,,,2,,,,
MURALLA-03,410,412,,2,,,,,,2,,,,
MURALLA-03,412,414,,2,,,,,,2,,,,
MURALLA-03,414,416,,2,,,,,,2,,,,
MURALLA-03,416,418,,2,,,,,,2,,,,
MURALLA-03,418,420,,2,,,,,,2,,,,
MURALLA-03,420,422,,2,,,,,,2,,,,
MURALLA-03,422,424,,2,,,,,,2,,,,
MURALLA-03,424,426,,2,,,,,,2,,,,
MURALLA-03,426,428,,2,,,,,,2,,,,
MURALLA-03,428,430,,2,,,0.1,,,2,,,,
MURALLA-03,430,432,,2,,,0.1,,,2,,,,
MURALLA-03,432,434,,2,,,0.1,,,2,,,,
MURALLA-03,434,436,,2,,,0.1,,,2,,,,
MURALLA-03,436,438,,2,,,0.1,,,2,,,,
MURALLA-03,438,440,,2,,,,,,2,,,,
MURALLA-03,440,442,,2,,,,,,2,,,,
MURALLA-03,442,444,,2,,,0.1,,,2,,,,
MURALLA-03,444,446,,2,,,0.1,,,2,,,,
MURALLA-03,446,448,,3,,,,,,2,,,,
MURALLA-03,448,450,,2,,,,,,2,,,,
MURALLA-03,450,452,,1,,,,,,2,,,,
MURALLA-03,452,454,,2,,,,,,2,,,,
MURALLA-03,454,456,,2,,,,,,2,,,,
MURALLA-03,456,458,,1,,,,,,2,,,,
MURALLA-03,458,460,,1,,,,,,2,,,,
MURALLA-03,460,462,,2,,,,,,1,,,,
MURALLA-03,462,464,,3,,,,,,1,,,,
MURALLA-03,464,466,,3,,,,,,1,,,,
MURALLA-03,466,468,,3,,,,,,1,,,,
MURALLA-03,468,470,,2,,,,,,1,,,,
MURALLA-03,470,472,,2,,,,,,1,,,,
MURALLA-03,472,474,,2,,,,,,1,,,,
MURALLA-03,474,476,,2,,,,,,1,,,,
MURALLA-03,476,478,,2,,,,,,1,,,,
MURALLA-03,478,480,,2,,,,,,1,,,,
MURALLA-03,480,482,,2,,,,,,1,,,,
MURALLA-03,482,484,,2,,,,,,1,,,,
MURALLA-03,484,486,,2,,,,,,1,,,,
MURALLA-03,486,488,,2,,,,,,1,,,,
MURALLA-03,488,490,,2,,,,,,1,,,,
MURALLA-03,490,492,,2,,,,,,1,,,,
MURALLA-03,492,494,,2,,,,,,1,,,,
MURALLA-03,494,496,,2,,,,,,1,,,,
MURALLA-03,496,498,,2,,,,,,1,,,,
MURALLA-03,498,500,,2,,,,,,1,,,,
MURALLA-03,500,502,,2,,,,,,1,,,,
MURALLA-03,502,504,,2,,,,,,1,,,,
MURALLA-03,504,506,,2,,,,,,1,,,,
MURALLA-03,506,508,,2,,,,,,1,,,,
MURALLA-03,508,510,,2,,,,,,1,,,,
MURALLA-03,510,512,,2,,,,,,1,,,,
MURALLA-03,512,514,,2,,,,,,1,,,,
MURALLA-03,514,516,,,,,,,,1,,,,
MURALLA-03,516,518,,,,,,,,1,,,,
MURALLA-03,518,520,,2,,,,,,1,,,,
MURALLA-03,520,522,,2,,,,,,1,,,,
MURALLA-03,522,524,,,,,,,,1,,,,
MURALLA-03,524,526,,2,,,,,,1,,,,
MURALLA-04,0,2,,,,,1,1,2,,,,,
MURALLA-04,2,4,,,,,2,1,2,,,,,
MURALLA-04,4,6,,,,,2,1,2,,,,,
MURALLA-04,6,8,,,,,2,1,2,,,,,
MURALLA-04,8,10,,,,,2,,2,,,,,
MURALLA-04,10,12,,,,,1,,2,3,,,,
MURALLA-04,12,14,,,,,1,,,3,,,,
MURALLA-04,14,16,,,,,1,,2,1,,,,
MURALLA-04,16,18,,,,,1,,2,1,,,,
MURALLA-04,18,20,,,,,1,,2,1,,,,
MURALLA-04,20,22,,,,,1,,2,1,,,,
MURALLA-04,22,24,,,,,1,,2,1,,,,
MURALLA-04,24,26,,,,,1,,2,1,,,,
MURALLA-04,26,28,,,,,1,,2,1,,,,
MURALLA-04,28,30,,,,,1,,2,1,,,,
MURALLA-04,30,32,,,,,0.1,,,3,,,,
MURALLA-04,32,34,,,,,0.1,,,3,,,,
MURALLA-04,34,36,,,,,1,,2,,,,,
MURALLA-04,36,38,,,,,1,,2,,,,,
MURALLA-04,38,40,,,,,1,,2,,,,,
MURALLA-04,40,42,,,,,1,,2,,,,,
MURALLA-04,42,44,,,,,1,,2,,,,,
MURALLA-04,44,46,,,,,1,,2,,,,,
MURALLA-04,46,48,,,,,1,0.1,2,,,,,
MURALLA-04,48,50,,,,,1,,2,,,,,
MURALLA-04,50,52,,,,,,,2,,,,,
MURALLA-04,52,54,,,,,,,2,,,,,
MURALLA-04,54,56,,,,,1,,2,,,,,
MURALLA-04,56,58,,,,,1,,1,3,,,,
MURALLA-04,58,60,,,,,1,1,,3,,,,
MURALLA-04,60,62,,,,,1,0.1,,3,,,,
MURALLA-04,62,64,,,,,1,0.1,1,2,,,,
MURALLA-04,64,66,,,,,1,,2,,,,,
MURALLA-04,66,68,,,,,0.1,,2,,,,,
MURALLA-04,68,70,,,,,0.1,,2,,,,,
MURALLA-04,70,72,,,,,,,2,,,,,
MURALLA-04,72,74,,,,,1,,,3,,,,
MURALLA-04,74,76,,,,,1,,,3,,,,
MURALLA-04,76,78,,,,,1,,,3,,,,
MURALLA-04,78,80,,,,,1,,,3,,,,
MURALLA-04,80,82,,,,,1,,,3,,,,
MURALLA-04,82,84,,,,,1,,1,,,,,
MURALLA-04,84,86,,,,,1,,1,,,,,
MURALLA-04,86,88,,,,,1,,1,,,,,
MURALLA-04,88,90,,,,,1,,1,,,,,
MURALLA-04,90,92,,,,,1,,1,,,,,
MURALLA-04,92,94,,,,,1,,1,,,,,
MURALLA-04,94,96,,,,,1,,1,,,,,
MURALLA-04,96,98,,,,,1,,1,,,,,
MURALLA-04,98,100,,,,,1,,1,,,,,
MURALLA-04,100,102,,,,,1,,1,,,,,
MURALLA-04,102,104,,,,,1,,1,,,,,
MURALLA-04,104,106,,,,,1,,1,,,,,
MURALLA-04,106,108,,,,,1,,1,,,,,
MURALLA-04,108,110,,,,,1,,1,1,,,,
MURALLA-04,110,112,,,,,1,2,,3,,,,
MURALLA-04,112,114,,,,,1,1,,3,,,,
MURALLA-04,114,116,,,,,1,,,3,,,,
MURALLA-04,116,118,,,,,1,,,3,,,,
MURALLA-04,118,120,,,,,1,,,3,,,,
MURALLA-04,120,122,,,,,1,,,3,,,,
MURALLA-04,122,124,,,,,1,,,3,,,,
MURALLA-04,124,126,,,,,1,,,3,,,,
MURALLA-04,126,128,,,,,1,,,3,,,,
MURALLA-04,128,130,,,,,1,,,3,,,,
MURALLA-04,130,132,,,,,1,,,3,,,,
MURALLA-04,132,134,,,,,1,,,3,,,,
MURALLA-04,134,136,,,,,1,,,3,,,,
MURALLA-04,136,138,,,,,1,,,3,,,,
MURALLA-04,138,140,,,,,1,,,3,,,,
MURALLA-04,140,142,,,,,1,1,,3,,,,
MURALLA-04,142,144,,,,,1,,,3,,,,
MURALLA-04,144,146,,,,,1,,,3,,,,
MURALLA-04,146,148,,,,,1,,,3,,,,
MURALLA-04,148,150,,,,,1,,,3,,,,
MURALLA-04,150,152,,,,,1,,,3,,,,
MURALLA-04,152,154,,,,,1,,,3,,,,
MURALLA-04,154,156,,,,,1,,,3,,,,
MURALLA-04,156,158,0.1,,,,1,,,3,,,,
MURALLA-04,158,160,,,,,1,,,3,,,,
MURALLA-04,160,162,,,,,1,,,3,,,,
MURALLA-04,162,164,,,,,1,,,3,,,,
MURALLA-04,164,166,,,,,1,,,3,,,,
MURALLA-04,166,168,,,,,1,,,3,,,,
MURALLA-04,168,170,,,,,1,,,3,,,,
MURALLA-04,170,172,,,,,1,,,3,,,,
MURALLA-04,172,174,,,,,1,,,3,,,,
MURALLA-04,174,176,,,,,1,,,3,,,,
MURALLA-04,176,178,,,,,1,,,3,,,,
MURALLA-04,178,180,,,,,1,2,,3,,,,
MURALLA-04,180,182,,,,,1,,,3,,,,
MURALLA-04,182,184,,,,,1,1,,3,,,,
MURALLA-04,184,186,,,,,1,0.1,,3,,,,
MURALLA-04,186,188,,,,,1,,,3,,,,
MURALLA-04,188,190,,,,,1,2,,3,,,,
MURALLA-04,190,192,,,,,1,0.1,,3,,,,
MURALLA-04,192,194,,0.1,,,1,1,,2,,,,
MURALLA-04,194,196,,0.1,,,1,,1,,,,,
MURALLA-04,196,198,,,,,0.1,,1,,,,,
MURALLA-04,198,200,,,,,0.1,,1,,,,,
MURALLA-04,200,202,,,,,0.1,,1,1,,,,
MURALLA-04,202,204,,,,,0.1,,,3,,,,
MURALLA-04,204,206,,,,,1,,,3,,,,
MURALLA-04,206,208,,,,,1,,,3,,,,
MURALLA-04,208,210,,,,,1,,,3,,,,
MURALLA-04,210,212,,,,,1,,,3,,,,
MURALLA-04,212,214,,,,,1,,,3,,,,
MURALLA-04,214,216,,,,,1,,,3,,,,
MURALLA-04,216,218,,,,,1,,,3,,,,
MURALLA-04,218,220,,,,,1,,,3,,,,
MURALLA-04,220,222,,,,,1,,,3,,,,
MURALLA-04,222,224,,,,,1,1,,3,,,,
MURALLA-04,224,226,,,,,1,1,,3,,,,
MURALLA-04,226,228,,,,,1,,,3,,,,
MURALLA-04,228,230,,,,,1,,1,,,,,
MURALLA-04,230,232,,,,,1,,,3,,,,
MURALLA-04,232,234,,,,,1,,,3,,,,
MURALLA-04,234,236,,,,,1,,,3,,,,
MURALLA-04,236,238,,,,,1,,,3,,,,
MURALLA-04,238,240,,,,,1,,,3,,,,
MURALLA-04,240,242,,,,,1,,,3,,,,
MURALLA-04,242,244,,,,,1,,,3,,,,
MURALLA-04,244,246,,,,,1,,,3,,,,
MURALLA-04,246,248,,,,,1,,,3,,,,
MURALLA-04,248,250,,,,,1,,,3,,,,
MURALLA-04,250,252,,,,,1,,,3,,,,
MURALLA-04,252,254,,,,,1,,,3,,,,
MURALLA-04,254,256,,,,,1,,,3,,,,
MURALLA-04,256,258,,,,,1,,,3,,,,
MURALLA-04,258,260,,,,,1,,,3,,,,
MURALLA-04,260,262,,,,,1,,1,2,,,,
MURALLA-04,262,264,,,,,1,,1,,,,,
MURALLA-04,264,266,,,,,1,,1,,,,,
MURALLA-04,266,268,,,,,1,,1,,,,,
MURALLA-04,268,270,,,,,1,,1,,,,,
MURALLA-04,270,272,,,,,1,,1,,,,,
MURALLA-04,272,274,,,,,1,,1,,,,,
MURALLA-04,274,276,,,,,1,,1,,,,,
MURALLA-04,276,278,,,,,1,,1,,,,,
MURALLA-04,278,280,,,,,1,,,2,,,,
MURALLA-04,280,282,,,,,1,0.1,,3,,,,
MURALLA-04,282,284,,,,,1,,3,,,,,
MURALLA-04,284,286,,,,,1,,3,,,,,
MURALLA-04,286,288,,,,,1,,3,,,,,
MURALLA-04,288,290,,,,,1,,3,,,,,
MURALLA-04,290,292,,,,,1,,2,1,,,,
MURALLA-04,292,294,,,,,1,,,3,,,,
MURALLA-04,294,296,,,,,1,,,3,,,,
MURALLA-04,296,298,,,,,1,,,3,,,,
MURALLA-04,298,300,,,,,1,,,3,,,,
MURALLA-04,300,302,,,,,1,,,3,,,,
MURALLA-04,302,304,,,,,1,,,3,,,,
MURALLA-04,304,306,,,,,1,,,3,,,,
MURALLA-04,306,308,,,,,1,,,3,,,,
MURALLA-04,308,310,,,,,1,,,3,,,,
MURALLA-04,310,312,,,,,1,,,3,,,,
MURALLA-04,312,314,,,,,1,,,3,,,,
MURALLA-04,314,316,,,,,1,2,,3,,,,
MURALLA-04,316,318,,,,,1,2,,3,,,,
MURALLA-04,318,320,,,,,1,2,,3,,,,
MURALLA-04,320,322,,2,,,1,,1,,,,,
MURALLA-04,322,324,,2,,,1,,1,,,,,
MURALLA-04,324,326,,2,,,1,,1,,,,,
MURALLA-04,326,328,,2,,,1,,1,,,,,
MURALLA-04,328,330,,2,,,1,,1,,,,,
MURALLA-04,330,332,,2,,,1,,1,,,,,
MURALLA-04,332,334,,2,,,1,,1,,,,,
MURALLA-04,334,336,,2,,,1,,1,,,,,
MURALLA-04,336,338,,2,,,1,,1,,,,,
MURALLA-04,338,340,,2,,,1,,1,,,,,
MURALLA-04,340,342,,2,,,1,,1,,,,,
MURALLA-04,342,344,,2,,,1,,1,,,,,
MURALLA-04,344,346,,2,,,1,,1,,,,,
MURALLA-04,346,348,,2,,,1,,1,,,,,
MURALLA-04,348,350,,,,,2,,1,,,,,
MURALLA-04,350,352,,,,,2,2,,,,,,
MURALLA-04,352,354,,,,,2,2,,,,,,
MURALLA-04,354,356,,,,,2,2,,,,,,
MURALLA-04,356,358,,,,,2,1,,,,,,
MURALLA-04,358,360,,,,,2,2,,,,,,
MURALLA-04,360,362,,,,,2,2,,,,,,
MURALLA-04,362,364,,,,,2,2,1,,,,,
MURALLA-04,364,366,,,,,2,2,1,,,,,
MURALLA-04,366,368,,,,,1,,1,,,,,
MURALLA-04,368,370,,,,,1,,1,,,,,
MURALLA-04,370,372,,,,,1,,1,,,,,
MURALLA-04,372,374,,,,,1,,1,,,,,
MURALLA-04,374,376,0.1,,,,1,,1,,,,,
MURALLA-04,376,378,0.1,,,,1,,1,,,,,
MURALLA-04,378,380,1,,,,1,,1,,,,,
MURALLA-04,380,382,1,,,,1,,1,,,,,
MURALLA-04,382,384,1,,,,1,,1,,,,,
MURALLA-04,384,386,0.1,,,,,,1,,,,,
MURALLA-04,386,388,1,,,,,,1,,,,,
MURALLA-04,388,390,0.1,,,,,,1,,,,,
MURALLA-04,390,392,0.1,,,,,,1,,,,,
MURALLA-04,392,394,1,,,,,,1,,,,,
MURALLA-04,394,396,1,,,,,,1,,,,,
MURALLA-04,396,398,0.1,,,,,0.1,1,,,,,
MURALLA-04,398,400,0.1,,,,,,1,,,,,
MURALLA-04,400,402,,,,,,,1,,,,,
MURALLA-04,402,404,0.1,,,,,,1,,,,,
MURALLA-04,404,406,1,,,,,,1,,,,,
MURALLA-04,406,408,0.1,,,,,,1,,,,,
MURALLA-04,408,410,0.1,,,,,,1,,,,,
MURALLA-04,410,412,1,,,,,,1,,,,,
MURALLA-04,412,414,1,,,,,,1,,,,,
MURALLA-04,414,416,0.1,,,,,,1,,,,,
MURALLA-04,416,418,0.1,,,,,,1,,,,,
MURALLA-04,418,420,1,,,,,,1,,,,,
MURALLA-04,420,422,0.1,,,,,,1,,,,,
MURALLA-04,422,424,,,,,,,1,,,,,
MURALLA-04,424,426,,,,,,,1,,,,,
MURALLA-04,426,428,,,,,,1,1,,,,,
MURALLA-04,428,430,0.1,,,,,,1,,,,,
MURALLA-04,430,432,0.1,,,,,,1,,,,,
MURALLA-04,432,434,,,,,,,1,,,,,
MURALLA-04,434,436,,,,,,,1,,,,,
MURALLA-04,436,438,,,,,,,1,,,,,
MURALLA-04,438,440,,,,,,,1,,,,,
MURALLA-04,440,442,,,,,,,1,,,,,
MURALLA-04,442,444,,,,,,,1,,,,,
MURALLA-04,444,446,,,,,,,1,,,,,
MURALLA-04,446,448,,,,,,,1,,,,,
MURALLA-04,448,450,,,,,,,1,,,,,
MURALLA-04,450,452,,,,,0.1,,1,,,,,
MURALLA-04,452,454,,,,,0.1,,1,,,,,
MURALLA-04,454,456,,,,,0.1,,1,,,,,
MURALLA-04,456,458,,,,,0.1,,1,,,,,
MURALLA-04,458,460,,,,,1,2,1,,,,,
MURALLA-04,460,462,,,,,1,2,1,,,,,
MURALLA-04,462,464,,,,,1,2,1,,,,,
MURALLA-04,464,466,,,,,1,2,1,,,,,
MURALLA-04,466,468,,,,,1,2,1,,,,,
MURALLA-04,468,470,,,,,1,2,1,,,,,
MURALLA-04,470,472,,,,,1,2,1,,,,,
MURALLA-04,472,474,,,,,1,2,1,,,,,
MURALLA-04,474,476,,,,,1,,1,,,,,
MURALLA-04,476,478,,,,,1,,1,,,,,
MURALLA-04,478,480,,,,,1,,1,,,,,
MURALLA-04,480,482,,,,,1,,1,,,,,
MURALLA-04,482,484,,,,,1,1,1,,,,,
MURALLA-04,484,486,,,,,1,1,1,,,,,
MURALLA-04,486,488,,,,,1,1,1,,,,,
MURALLA-04,488,490,,,,,1,1,1,,,,,
MURALLA-04,490,492,,,,,1,1,1,,,,,
MURALLA-04,492,494,,,,,1,1,1,,,,,
MURALLA-04,494,496,,,,,1,1,1,,,,,
MURALLA-04,496,498,,,,,1,1,1,,,,,
MURALLA-04,498,500,,,,,1,1,1,,,,,
MURALLA-04,500,502,,,,,1,1,1,,,,,
MURALLA-04,502,504,0.1,,,,1,0.1,1,,,,,
MURALLA-04,504,506,0.1,,,,0.1,,1,,,,,
MURALLA-04,506,508,0.1,,,,0.1,,1,,,,,
MURALLA-04,508,510,0.1,,,,0.1,,1,,,,,
MURALLA-04,510,512,,,,,,,1,,,,,
MURALLA-04,512,514,,,,,,,1,,,,,
MURALLA-04,514,516,0.1,,,,1,1,1,,,,,
MURALLA-04,516,518,,,,,,,1,,,,,
MURALLA-04,518,519.68,,,,,0.1,,1,,,,,
MURALLA-08,0,2,,,,,,,,3,,,,
MURALLA-08,2,4,,,,,,,,3,,,,
MURALLA-08,4,6,,,,,,,,3,,,,
MURALLA-08,6,8,,,,,,,,3,,,,
MURALLA-08,8,10,,,,,,1,,3,,,,
MURALLA-08,10,12,,,,,0.1,1,1,3,,,,
MURALLA-08,12,14,,,,,0.1,1,1,,,,,
MURALLA-08,14,16,,,,,0.1,1,1,,,,,
MURALLA-08,16,18,,,,,0.1,1,1,,,,,
MURALLA-08,18,20,,,,,0.1,1,1,,,,,
MURALLA-08,20,22,,,,,0.1,1,1,,,,,
MURALLA-08,22,24,,,,,0.1,1,1,,,,,
MURALLA-08,24,26,,,,,0.1,1,1,,,,,
MURALLA-08,26,28,,,,,0.1,1,,3,,,,
MURALLA-08,28,30,,,,,0.1,2,3,,,,,
MURALLA-08,30,32,,,,,0.1,2,3,,,,,
MURALLA-08,32,34,,,,,1,2,3,,,,,
MURALLA-08,34,36,,,,,1,2,3,,,,,
MURALLA-08,36,38,,,,,1,2,3,,,,,
MURALLA-08,38,40,,,,,1,2,3,,,,,
MURALLA-08,40,42,,,,,1,2,3,,,,,
MURALLA-08,42,44,,,,,1,2,3,,,,,
MURALLA-08,44,46,,,,,1,2,3,,,,,
MURALLA-08,46,48,,,,,1,2,2,1,,,,
MURALLA-08,48,50,,,,,1,2,1,1,,,,
MURALLA-08,50,52,,,,,1,1,1,1,,,,
MURALLA-08,52,54,,,,,1,1,1,1,,,,
MURALLA-08,54,56,,,,,1,1,,2,,,,
MURALLA-08,56,58,,,,,1,,,2,,,,
MURALLA-08,58,60,,,,,1,,,3,,,,
MURALLA-08,60,62,,,,,1,,,3,,,,
MURALLA-08,62,64,,,,,1,,,3,,,,
MURALLA-08,64,66,,,,,1,,,3,,,,
MURALLA-08,66,68,,,,,1,1,,3,,,,
MURALLA-08,68,70,,,,,1,,,3,,,,
MURALLA-08,70,72,,,,,1,,,3,,,,
MURALLA-08,72,74,,,,,1,1,,3,,,,
MURALLA-08,74,76,,,,,1,1,,3,,,,
MURALLA-08,76,78,,,,,1,,,3,,,,
MURALLA-08,78,80,,,,,1,1,,3,,,,
MURALLA-08,80,82,,,,,1,,,3,,,,
MURALLA-08,82,84,,,,,1,1,,3,,,,
MURALLA-08,84,86,,,,,1,,,3,,,,
MURALLA-08,86,88,,,,,1,,,3,,,,
MURALLA-08,88,90,,,,,1,0.1,,3,,,,
MURALLA-08,90,92,,,,,1,,,3,,,,
MURALLA-08,92,94,,,,,1,,,3,,,,
MURALLA-08,94,96,,,,,1,0.1,,3,,,,
MURALLA-08,96,98,,,,,1,0.1,,3,,,,
MURALLA-08,98,100,,,,,1,,,3,,,,
MURALLA-08,100,102,,,,,1,,,3,,,,
MURALLA-08,102,104,,,,,1,0.1,,3,,,,
MURALLA-08,104,106,,,,,1,1,,3,,,,
MURALLA-08,106,108,,,,,1,1,,3,,,,
MURALLA-08,108,110,,,,,1,,,3,,,,
MURALLA-08,110,112,,,,,1,1,,3,,,,
MURALLA-08,112,114,,,,,1,1,2,,,,,
MURALLA-08,114,116,,,,,1,,,3,,,,
MURALLA-08,116,118,,,,,1,,,3,,,,
MURALLA-08,118,120,0.1,,,,1,1,2,,,,,
MURALLA-08,120,122,0.1,,,,1,1,2,,,,,
MURALLA-08,122,124,0.1,,,,1,2,2,,,,,
MURALLA-08,124,126,0.1,,,,1,2,2,,,,,
MURALLA-08,126,128,0.1,,,,1,1,2,,,,,
MURALLA-08,128,130,0.1,,,,1,1,2,,,,,
MURALLA-08,130,132,0.1,,,,1,1,2,,,,,
MURALLA-08,132,134,0.1,,,,1,1,2,,,,,
MURALLA-08,134,136,0.1,,,,1,1,2,,,,,
MURALLA-08,136,138,0.1,,,,1,2,2,,,,,
MURALLA-08,138,140,0.1,,,,1,2,2,,,,,
MURALLA-08,140,142,1,,,,1,0.1,2,,,,,
MURALLA-08,142,144,1,,,,1,1,2,,,,,
MURALLA-08,144,146,2,,,,1,0.1,2,,,,,
MURALLA-08,146,148,2,,,,1,1,2,,,,,
MURALLA-08,148,150,2,,,,1,0.1,2,,,,,
MURALLA-08,150,152,2,,,,1,0.1,2,,,,,
MURALLA-08,152,154,1,,,,1,0.1,2,,,,,
MURALLA-08,154,156,1,,,,1,0.1,2,,,,,
MURALLA-08,156,158,1,,,,1,0.1,2,,,,,
MURALLA-08,158,160,1,,,,1,1,2,,,,,
MURALLA-08,160,162,1,,,,1,0.1,2,,,,,
MURALLA-08,162,164,2,,,,1,1,2,,,,,
MURALLA-08,164,166,2,,,,1,0.1,2,,,,,
MURALLA-08,166,168,2,,,,1,1,2,,,,,
MURALLA-08,168,170,1,,,,1,,2,,,,,
MURALLA-08,170,172,2,,,,1,,2,,,,,
MURALLA-08,172,174,1,,,,1,,2,,,,,
MURALLA-08,174,176,1,,,,1,,2,,,,,
MURALLA-08,176,178,1,,,,1,,2,,,,,
MURALLA-08,178,180,1,,,,1,,2,,,,,
MURALLA-08,180,182,1,,,,1,0.1,2,,,,,
MURALLA-08,182,184,1,,,,1,0.1,2,,,,,
MURALLA-08,184,186,2,,,,1,1,2,,,,,
MURALLA-08,186,188,1,,,,1,1,2,,,,,
MURALLA-08,188,190,1,,,,1,2,2,,,,,
MURALLA-08,190,192,1,,,,1,2,,,,2,,
MURALLA-08,192,194,,,,,1,1,,,,2,,
MURALLA-08,194,196,,,,,1,2,,,,2,,
MURALLA-08,196,198,,,,,1,2,,,,2,,
MURALLA-08,198,200,,,,,1,1,,,,2,,
MURALLA-08,200,202,,,,,1,2,,,,2,,
MURALLA-08,202,204,,,,,1,1,,,,2,,
MURALLA-08,204,206,,,,,1,1,,,,2,,
MURALLA-08,206,208,,,,,1,1,,,,2,,
MURALLA-08,208,210,,,,,1,1,,,,2,,
MURALLA-08,210,212,,,,,1,2,,,,2,,
MURALLA-08,212,214,,,,,1,2,,,,2,,
MURALLA-08,214,216,,,,,1,1,,,,2,,
MURALLA-08,216,218,,,,,1,2,,,,2,,
MURALLA-08,218,220,,,,,1,1.1,,,,2,,
MURALLA-08,220,222,,,,,1,1,,,,2,,
MURALLA-08,222,224,,,,,1,0.1,,,,2,,
MURALLA-08,224,226,,,,,1,1,,,,2,,
MURALLA-08,226,228,,,,,1,1,,,,2,,
MURALLA-08,228,230,,,,,1,0.1,,,,2,,
MURALLA-08,230,232,,,,,1,1,,,,2,,
MURALLA-08,232,234,1,,,,1,2.1,,,,2,,
MURALLA-08,234,236,,,,,1,0.1,,,,2,,
MURALLA-08,236,238,,,,,1,1,,,,2,,
MURALLA-08,238,240,,,,,1,1,,,,2,,
MURALLA-08,240,242,,,,,1,1,,,,2,,
MURALLA-08,242,244,,,,,1,0.1,,,,2,,
MURALLA-08,244,246,,,,,1,1,,,,2,,
MURALLA-08,246,248,,,,,1,0.1,,,,2,,
MURALLA-08,248,250,,,,,1,1,,,,2,,
MURALLA-08,250,252,0.1,,,,1,1,,,,2,,
MURALLA-08,252,254,0.1,,,,1,2,,,,2,,
MURALLA-08,254,256,0.1,,,,1,2,,,,2,,
MURALLA-08,256,258,0.1,,,,1,1.1,,,,2,,
MURALLA-08,258,260,0.1,,,,1,2,,,,2,,
MURALLA-08,260,262,1,,,,1,2,1,,,,,
MURALLA-08,262,264,1,,,,1,2,1,,,,,
MURALLA-08,264,266,1,,,,1,2,1,,,,,
MURALLA-08,266,268,1,,,,1,2,1,,,,,
MURALLA-08,268,270,1,,,,1,2,1,,,,,
MURALLA-08,270,272,0.1,,,,1,2,1,,,,,
MURALLA-08,272,274,0.1,,,,1,1,1,,,,,
MURALLA-08,274,276,0.1,,,,1,0.1,1,,,,,
MURALLA-08,276,278,0.1,,,,1,0.1,1,,,,,
MURALLA-08,278,280,0.1,,,,1,0.1,1,,,,,
MURALLA-08,280,282,0.1,,,,1,0.1,1,,,,,
MURALLA-08,282,284,0.1,,,,1,1,1,,,,,
MURALLA-08,284,286,,,,,2,0.1,1,,,,,
MURALLA-08,286,288,,,,,2,0.1,1,,,,,
MURALLA-08,288,290,1,,,,1,0.1,1,,,,,
MURALLA-08,290,292,1,,,,1,0.1,1,,,,,
MURALLA-08,292,294,1,,,,1,1,1,,,,,
MURALLA-08,294,296,1,,,,1,0.1,1,,,,,
MURALLA-08,296,298,1,,,,1,1,1,,,,,
MURALLA-08,298,300,1,,,,1,1,1,,,,,
MURALLA-08,300,302,1,,,,1,0.1,1,,,,,
MURALLA-08,302,304,,,,,1,,,,,1,,
MURALLA-08,304,306,,,,,1,,,,,,,
MURALLA-08,306,308,,,,,1,,,,,1,,
MURALLA-08,308,310,,,,,1,,,,,,,
MURALLA-08,310,312,,,,,1,1,,,,1,,
MURALLA-08,312,314,,,,,1,1,,,,,,
MURALLA-08,314,316,1,,,,2,,,,,1,,
MURALLA-08,316,318,2,,,,2,,,,,,,
MURALLA-08,318,320,0.1,,,,1,,,,,1,,
MURALLA-08,320,322,0.1,,,,1,1,,,,,,
MURALLA-08,322,324,0.1,,,,1,,,,,1,,
MURALLA-08,324,326,0.1,,,,1,1,,,,,,
MURALLA-08,326,328,0.1,,,,1,1,,,,1,,
MURALLA-08,328,330,0.1,,,,1,1,,,,,,
MURALLA-08,330,332,0.1,,,,1,1,,,,1,,
MURALLA-08,332,334,0.1,,,,1,1,,,,,,
MURALLA-08,334,336,0.1,,,,1,,,,,1,,
MURALLA-08,336,338,2,,,,2,0.1,,,,,,
MURALLA-08,338,340,0.1,,,,2,1,,,,1,,
MURALLA-08,340,342,0.1,,,,1,,,,,,,
MURALLA-08,342,344,0.1,,,,1,,,,,1,,
MURALLA-08,344,346,0.1,,,,2,,,,,,,
MURALLA-08,346,348,2,0.1,,,1,,,,,1,,
MURALLA-08,348,350,,0.1,,,1,,,,,,,
MURALLA-08,350,352,1,0.1,,,1,2,2,,,,,
MURALLA-08,352,354,2,,,,1,2,,,,,,
MURALLA-08,354,356,1,,,,1,2,2,,,,,
MURALLA-08,356,358,2,,,,1,2,,,,,,
MURALLA-08,358,360,1,,,,1,1,2,,,,,
MURALLA-08,360,362,2,,,,1,2,,,,,,
MURALLA-08,362,364,2,,,,1,2,2,,,,,
MURALLA-08,364,366,1,,,,1,2,2,,,,,
MURALLA-08,366,368,1,,,,1,1,,,,,,
MURALLA-08,368,370,1,,,,1,1,2,,,,,
MURALLA-08,370,372,2,,,,1,1,,,,,,
MURALLA-08,372,374,1,,,,1,1,2,,,,,
MURALLA-08,374,376,2,,,,1,1,,,,,,
MURALLA-08,376,378,2,,,,1,1,2,,,,,
MURALLA-08,378,380,1,,,,1,2,,,,,,
MURALLA-08,380,382,1,,,,1,1,2,,,,,
MURALLA-08,382,384,1,,,,1,0.1,,,,,,
MURALLA-08,384,386,2,,,,1,1,2,,,,,
MURALLA-08,386,388,1,,,,1,1,,,,,,
MURALLA-08,388,390,0.1,,,,1,1,2,,,,,
MURALLA-08,390,392,1,,,,1,,,,,,,
MURALLA-08,392,394,1,,,,1,1,2,,,,,
MURALLA-08,394,396,2,,,,1,1,,,,,,
MURALLA-08,396,398,2,,,,1,2,2,,,,,
MURALLA-08,398,400,2,,,,1,2,,,,,,
MURALLA-08,400,402,2,,,,1,1,2,,,,,
MURALLA-08,402,404,2,,,,1,1,,,,,,
MURALLA-08,404,406,,,,,1,1,1,,,,,
MURALLA-08,406,408,,,,,1,1,,,,,,
MURALLA-08,408,410,,,,,1,1,1,,,,,
MURALLA-08,410,412,2,,,,1,1,,,,,,
MURALLA-08,412,414,2,,,,1,1,1,,,,,
MURALLA-08,414,416,2,,,,1,2,,,,,,
MURALLA-08,416,418,2,,,,1,1,1,,,,,
MURALLA-08,418,420,,,,,1,1,,,,,,
MURALLA-08,420,422,2,,,,1,,1,,,,,
MURALLA-08,422,424,0.1,,,,1,,2,,,,,
MURALLA-08,424,426,1,,,,1,,1,,,,,
MURALLA-08,426,428,1,,,,1,,2,,,,,
MURALLA-08,428,430,1,,,,1,0.1,1,,,,,
MURALLA-08,430,432,1,,,,0.1,0.1,2,,,,,
MURALLA-08,432,434,1,,,,0.1,0.1,1,,,,,
MURALLA-08,434,436,1,,,,0.1,2,2,,,,,
MURALLA-08,436,438,1,,,,0.1,2,1,,,,,
MURALLA-08,438,440,1,,,,0.1,2,2,,,,,
MURALLA-08,440,442,1,,,,0.1,2,1,,,,,
MURALLA-08,442,444,1,,,,0.1,2,2,,,,,
MURALLA-08,444,446,1,,,,0.1,2,1,,,,,
MURALLA-08,446,448,1,,,,0.1,2,2,,,,,
MURALLA-08,448,450,1,,,,0.1,2,1,,,,,
MURALLA-08,450,452,1,,,,0.1,2,2,,,,,
MURALLA-08,452,454,1,,,,0.1,2,1,,,,,
MURALLA-08,454,456,1,,,,0.1,2,2,,,,,
MURALLA-08,456,458,1,,,,0.1,2,1,,,,,
MURALLA-08,458,460,1,,,,0.1,2,2,,,,,
MURALLA-08,460,462,1,,,,0.1,1,1,,,,,
MURALLA-08,462,464,1,,,,0.1,,2,,,,,
MURALLA-08,464,466,1,,,,,,1,,,,,
MURALLA-08,466,468,1,,,,,,2,,,,,
MURALLA-08,468,470,1,,,,,,1,,,,,
MURALLA-08,470,472,1,,,,,,2,,,,,
MURALLA-08,472,473.63,1,,,,,,1,,,,,
